Date,Close,Next Day Close,Daily Return
2021-05-11,555.7532958984375,553.8472290039062,-0.0034296996681771885
2021-05-12,553.8472290039062,559.111572265625,0.009505045770810601
2021-05-13,559.111572265625,570.0940551757812,0.01964273940110588
2021-05-14,570.0940551757812,566.3728637695312,-0.006527328907337261
2021-05-17,566.3728637695312,565.4651489257812,-0.001602680675251009
2021-05-18,565.4651489257812,561.92529296875,-0.006260078032670879
2021-05-19,561.92529296875,570.8203125,0.01582954111970303
2021-05-20,570.8203125,573.2708129882812,0.004292945493738452
2021-05-21,573.2708129882812,578.6260375976562,0.009341526706130199
2021-05-24,578.6260375976562,580.622802734375,0.0034508732877091635
2021-05-25,580.622802734375,581.4395751953125,0.0014067178503686143
2021-05-26,581.4395751953125,588.5194091796875,0.012176388203360254
2021-05-27,588.5194091796875,595.236083984375,0.011412834818905279
2021-05-28,595.236083984375,591.786865234375,-0.005794707079771969
2021-05-31,591.786865234375,596.4159545898438,0.007822223890750627
2021-06-01,596.4159545898438,599.9557495117188,0.005935111048981449
2021-06-02,599.9557495117188,593.8744506835938,-0.010136245603237136
2021-06-03,593.8744506835938,591.0608520507812,-0.0047376994069602395
2021-06-04,591.0608520507812,596.597412109375,0.009367157441376398
2021-06-07,596.597412109375,598.7757568359375,0.003651280884475478
2021-06-08,598.7757568359375,601.3172607421875,0.004244500344636303
2021-06-09,601.3172607421875,596.9605712890625,-0.007245242632396202
2021-06-10,596.9605712890625,606.4000244140625,0.015812523605397706
2021-06-11,606.4000244140625,610.4844970703125,0.006735607671184784
2021-06-14,610.4844970703125,615.2041625976562,0.007731016184674978
2021-06-15,615.2041625976562,619.2886352539062,0.006639214921764511
2021-06-16,619.2886352539062,623.826904296875,0.0073281968772252295
2021-06-17,623.826904296875,618.1995239257812,-0.00902074010007064
2021-06-18,618.1995239257812,617.2918701171875,-0.0014682214616242887
2021-06-21,617.2918701171875,618.2903442382812,0.001617507324216336
2021-06-22,618.2903442382812,607.3077392578125,-0.017762860252975573
2021-06-23,607.3077392578125,611.0291137695312,0.006127658633605792
2021-06-24,611.0291137695312,611.39208984375,0.0005940405555792514
2021-06-25,611.39208984375,605.9462280273438,-0.008907314809712403
2021-06-28,605.9462280273438,611.7552490234375,0.009586693880420712
2021-06-29,611.7552490234375,600.22802734375,-0.018842865178662113
2021-06-30,600.22802734375,602.5879516601562,0.003931712963904506
2021-07-01,602.5879516601562,602.1341552734375,-0.0007530790907261273
2021-07-02,602.1341552734375,599.6835327148438,-0.004069894619216357
2021-07-05,599.6835327148438,595.236083984375,-0.007416326258509355
2021-07-06,595.236083984375,599.4112548828125,0.007014310810073636
2021-07-07,599.4112548828125,580.1690063476562,-0.03210191396709458
2021-07-08,580.1690063476562,601.2265625,0.03629555512609609
2021-07-09,601.2265625,604.4940185546875,0.0054346501942643295
2021-07-12,604.4940185546875,608.760009765625,0.007057127250220365
2021-07-13,608.760009765625,609.5768432617188,0.001341798874745787
2021-07-14,609.5768432617188,601.9525756835938,-0.012507475738955456
2021-07-15,601.9525756835938,593.8744506835938,-0.013419869481954224
2021-07-16,593.8744506835938,580.8043823242188,-0.022008133780347643
2021-07-19,580.8043823242188,585.524169921875,0.008126294741043384
2021-07-20,585.524169921875,598.3218994140625,0.021856876538324743
2021-07-21,598.3218994140625,599.4112548828125,0.0018206846010764563
2021-07-22,599.4112548828125,611.7552490234375,0.020593530802217427
2021-07-23,611.7552490234375,611.2105712890625,-0.0008903523676249362
2021-07-26,611.2105712890625,607.761474609375,-0.0056430579602267765
2021-07-27,607.761474609375,624.6438598632812,0.027777978630114754
2021-07-28,624.6438598632812,620.8316650390625,-0.006102989349888339
2021-07-29,620.8316650390625,611.66455078125,-0.014765861301929096
2021-07-30,611.66455078125,623.5545654296875,0.01943878328938787
2021-08-02,623.5545654296875,631.6327514648438,0.012955058759917223
2021-08-03,631.6327514648438,630.5435791015625,-0.0017243760092479508
2021-08-04,630.5435791015625,632.9942016601562,0.0038865236913292315
2021-08-05,632.9942016601562,632.9942016601562,0.0
2021-08-06,632.9942016601562,632.9942016601562,0.0
2021-08-09,632.9942016601562,636.8062133789062,0.0060221905805017215
2021-08-10,636.8062133789062,639.7108154296875,0.004561202434519874
2021-08-11,639.7108154296875,646.2459106445312,0.010215702247357177
2021-08-12,646.2459106445312,644.2489624023438,-0.0030900748605060422
2021-08-13,644.2489624023438,630.72509765625,-0.02099167485759625
2021-08-16,630.72509765625,626.7313232421875,-0.006332036617701136
2021-08-17,626.7313232421875,594.419189453125,-0.05155659624910137
2021-08-18,594.419189453125,556.4793701171875,-0.06382670682425769
2021-08-19,556.4793701171875,562.7421875,0.011254356799414918
2021-08-20,562.7421875,577.8091430664062,0.02677417101664561
2021-08-23,577.8091430664062,566.6450805664062,-0.01932136698417896
2021-08-24,566.6450805664062,564.6482543945312,-0.0035239451296021408
2021-08-25,564.6482543945312,564.1943359375,-0.0008038959715159022
2021-08-26,564.1943359375,565.555908203125,0.002413303677291492
2021-08-27,565.555908203125,567.2803955078125,0.003049189796578225
2021-08-30,567.2803955078125,568.9140625,0.0028798227563021812
2021-08-31,568.9140625,587.0671997070312,0.03190839953447495
2021-09-01,587.0671997070312,587.2487182617188,0.0003091955312408607
2021-09-02,587.2487182617188,576.26611328125,-0.018701794723329033
2021-09-03,576.26611328125,588.7916870117188,0.02173574576361663
2021-09-06,588.7916870117188,592.694580078125,0.0066286483870288924
2021-09-07,592.694580078125,588.7916870117188,-0.006584998745714525
2021-09-08,588.7916870117188,597.595947265625,0.014953098775205734
2021-09-09,597.595947265625,602.2249145507812,0.00774598172282906
2021-09-10,602.2249145507812,596.3251342773438,-0.009796639313467019
2021-09-13,596.3251342773438,587.0671997070312,-0.015524977966142115
2021-09-14,587.0671997070312,563.831298828125,-0.039579627154271
2021-09-15,563.831298828125,570.0033569335938,0.010946639745428897
2021-09-16,570.0033569335938,572.7263793945312,0.004777204252947472
2021-09-17,572.7263793945312,561.5623168945312,-0.01949283794436412
2021-09-20,561.5623168945312,577.2645874023438,0.027961759604253487
2021-09-21,577.2645874023438,583.8903198242188,0.011477808558620236
2021-09-22,583.8903198242188,593.6929321289062,0.016788448055858496
2021-09-23,593.6929321289062,583.5274047851562,-0.017122533878410395
2021-09-24,583.5274047851562,578.6260375976562,-0.00839954927104853
2021-09-27,578.6260375976562,560.8361206054688,-0.030745102771468434
2021-09-28,560.8361206054688,567.7341918945312,0.012299620219923538
2021-09-29,567.7341918945312,562.8328857421875,-0.008633100176665548
2021-09-30,562.8328857421875,571.8186645507812,0.015965269685236188
2021-10-01,571.8186645507812,563.740478515625,-0.014127181457958259
2021-10-04,563.740478515625,574.0877685546875,0.018354704750504637
2021-10-05,574.0877685546875,567.098876953125,-0.012173907866313893
2021-10-06,567.098876953125,578.9891357421875,0.02096681773193728
2021-10-07,578.9891357421875,569.7310180664062,-0.01599014058167701
2021-10-08,569.7310180664062,573.361572265625,0.00637240045581577
2021-10-11,573.361572265625,575.3585815429688,0.003482984165563475
2021-10-12,575.3585815429688,593.5114135742188,0.03155046715835647
2021-10-13,593.5114135742188,605.583251953125,0.02033969036283186
2021-10-14,605.583251953125,603.4048461914062,-0.0035972027870535776
2021-10-15,603.4048461914062,589.9716796875,-0.022262278118404623
2021-10-18,589.9716796875,586.341064453125,-0.0061538805325335065
2021-10-19,586.341064453125,595.5082397460938,0.015634544207676963
2021-10-20,595.5082397460938,598.7757568359375,0.005486938503549368
2021-10-21,598.7757568359375,605.6740112304688,0.011520597345128234
2021-10-22,605.6740112304688,598.8665161132812,-0.01123953643537982
2021-10-25,598.8665161132812,603.58642578125,0.007881405189593092
2021-10-26,603.58642578125,602.9509887695312,-0.0010527688903809829
2021-10-27,602.9509887695312,609.6676025390625,0.011139568380571264
2021-10-28,609.6676025390625,614.65966796875,0.008188175669655415
2021-10-29,614.65966796875,620.287109375,0.009155377682168184
2021-11-01,620.287109375,621.5578002929688,0.0020485528374901995
2021-11-02,621.5578002929688,619.47021484375,-0.00335863446365692
2021-11-03,619.47021484375,628.5466918945312,0.014651999132953673
2021-11-04,628.5466918945312,643.43212890625,0.02368230905305042
2021-11-05,643.43212890625,642.0706787109375,-0.0021159188889538143
2021-11-08,642.0706787109375,641.9799194335938,-0.00014135402900809018
2021-11-09,641.9799194335938,634.0833740234375,-0.01230029969959686
2021-11-10,634.0833740234375,640.2554931640625,0.009733923634460191
2021-11-11,640.2554931640625,656.1392211914062,0.02480842132075799
2021-11-12,656.1392211914062,654.2330932617188,-0.0029050662849057947
2021-11-15,654.2330932617188,662.311279296875,0.012347565597579241
2021-11-16,662.311279296875,659.0436401367188,-0.004933690943064191
2021-11-17,659.0436401367188,661.2220458984375,0.003305404420967994
2021-11-18,661.2220458984375,665.76025390625,0.006863364638192297
2021-11-19,665.76025390625,661.0404663085938,-0.007089320171884087
2021-11-22,661.0404663085938,651.782470703125,-0.01400518739369707
2021-11-23,651.782470703125,659.0436401367188,0.01114047977657423
2021-11-24,659.0436401367188,666.8494262695312,0.011844111159608775
2021-11-25,666.8494262695312,628.0928344726562,-0.05811895499961055
2021-11-26,628.0928344726562,632.8126220703125,0.007514474514932114
2021-11-29,632.8126220703125,625.8846435546875,-0.010947914554800433
2021-11-30,625.8846435546875,635.82080078125,0.01587538107682349
2021-12-01,635.82080078125,625.8846435546875,-0.015627291863294937
2021-12-02,625.8846435546875,624.42626953125,-0.0023301003442978267
2021-12-03,624.42626953125,629.0751953125,0.007445115633491681
2021-12-06,629.0751953125,660.8889770507812,0.05057230355820564
2021-12-07,660.8889770507812,651.4998168945312,-0.014206864514746715
2021-12-08,651.4998168945312,651.7733764648438,0.00041989201411669083
2021-12-09,651.7733764648438,647.2155151367188,-0.006993015506166273
2021-12-10,647.2155151367188,646.303955078125,-0.001408433570077798
2021-12-13,646.303955078125,639.5581665039062,-0.010437486141336272
2021-12-14,639.5581665039062,648.9474487304688,0.014680888648312105
2021-12-15,648.9474487304688,650.2236938476562,0.001966638623334153
2021-12-16,650.2236938476562,637.188232421875,-0.020047656751240112
2021-12-17,637.188232421875,636.09423828125,-0.0017169088896492348
2021-12-20,636.09423828125,639.4671020507812,0.005302459237242664
2021-12-21,639.4671020507812,652.1378784179688,0.01981458674973602
2021-12-22,652.1378784179688,658.1542358398438,0.009225591122647519
2021-12-23,658.1542358398438,653.961181640625,-0.006370929443108673
2021-12-24,653.961181640625,662.0740966796875,0.012405805217228989
2021-12-27,662.0740966796875,666.1760864257812,0.006195665661389406
2021-12-28,666.1760864257812,663.5326538085938,-0.003968068910083888
2021-12-29,663.5326538085938,665.4468994140625,0.0028849305222300994
2021-12-30,665.4468994140625,662.7122192382812,-0.004109539285838108
2021-12-31,662.7122192382812,666.3584594726562,0.005501996384744458
2022-01-03,666.3584594726562,678.2089233398438,0.01778391749774699
2022-01-04,678.2089233398438,690.970947265625,0.018817245669571242
2022-01-05,690.970947265625,662.8033447265625,-0.040765248742410914
2022-01-06,662.8033447265625,652.5025634765625,-0.015541233054956227
2022-01-07,652.5025634765625,640.56103515625,-0.0183011209284566
2022-01-10,640.56103515625,647.2155151367188,0.010388518213327702
2022-01-11,647.2155151367188,646.0304565429688,-0.0018310107932126233
2022-01-12,646.0304565429688,628.9840087890625,-0.026386445996872992
2022-01-13,628.9840087890625,615.6751098632812,-0.021159359760837024
2022-01-14,615.6751098632812,625.7025146484375,0.01628684451346907
2022-01-17,625.7025146484375,613.4873046875,-0.019522392310986382
2022-01-18,613.4873046875,636.0031127929688,0.03670134317928212
2022-01-19,636.0031127929688,641.6549682617188,0.008886521708880045
2022-01-20,641.6549682617188,635.54736328125,-0.00951851895889564
2022-01-21,635.54736328125,604.1892700195312,-0.049340293223499365
2022-01-24,604.1892700195312,608.0179443359375,0.006336879031768444
2022-01-25,608.0179443359375,623.1499633789062,0.024887454694278104
2022-01-26,623.1499633789062,632.6303100585938,0.015213587798805625
2022-01-27,632.6303100585938,653.0496215820312,0.032276846680877935
2022-01-28,653.0496215820312,658.7012939453125,0.008654277066404101
2022-01-31,658.7012939453125,667.4524536132812,0.013285475143905365
2022-02-01,667.4524536132812,664.8087158203125,-0.003960938009376948
2022-02-02,664.8087158203125,648.7650756835938,-0.02413271630610676
2022-02-03,648.7650756835938,643.6603393554688,-0.007868389528746161
2022-02-04,643.6603393554688,652.7759399414062,0.014162128732470039
2022-02-07,652.7759399414062,643.6603393554688,-0.013964363617255447
2022-02-08,643.6603393554688,653.2317504882812,0.0148702825816437
2022-02-09,653.2317504882812,643.75146484375,-0.014512897815277464
2022-02-10,643.75146484375,624.42626953125,-0.030019652564504177
2022-02-11,624.42626953125,610.7526245117188,-0.021897933650030302
2022-02-14,610.7526245117188,632.6303100585938,0.03582086211150653
2022-02-15,632.6303100585938,626.7962036132812,-0.009221983759791955
2022-02-16,626.7962036132812,623.6057739257812,-0.005090059048073656
2022-02-17,623.6057739257812,625.611328125,0.003216060984479342
2022-02-18,625.611328125,612.7581787109375,-0.02054494353960033
2022-02-21,612.7581787109375,610.0234375,-0.004463002381609314
2022-02-22,610.0234375,606.9240112304688,-0.005080831454990203
2022-02-23,606.9240112304688,579.6680908203125,-0.04490829149253463
2022-02-24,579.6680908203125,607.6532592773438,0.04827791782954323
2022-02-25,607.6532592773438,601.5457763671875,-0.010050934174893788
2022-02-28,601.5457763671875,570.4611206054688,-0.05167463056501368
2022-03-01,570.4611206054688,581.5823364257812,0.019495133706060118
2022-03-02,581.5823364257812,562.8040161132812,-0.03228832640947375
2022-03-03,562.8040161132812,526.7057495117188,-0.06414003022021193
2022-03-04,526.7057495117188,517.5900268554688,-0.017307049837030842
2022-03-07,517.5900268554688,501.4551696777344,-0.031173044959461427
2022-03-08,501.4551696777344,549.3126831054688,0.09543727200676888
2022-03-09,549.3126831054688,535.91259765625,-0.02439427645009594
2022-03-10,535.91259765625,542.293701171875,0.01190698547399706
2022-03-11,542.293701171875,545.7576293945312,0.0063875501691626506
2022-03-14,545.7576293945312,537.8269653320312,-0.014531476309911334
2022-03-15,537.8269653320312,573.287109375,0.06593225391939428
2022-03-16,573.287109375,574.107421875,0.001430892979425803
2022-03-17,574.107421875,582.8585205078125,0.015242963771887746
2022-03-18,582.8585205078125,577.206787109375,-0.009696578499896434
2022-03-21,577.206787109375,586.9606323242188,0.016898355030942305
2022-03-22,586.9606323242188,569.0938720703125,-0.030439452443613305
2022-03-23,569.0938720703125,569.4584350585938,0.0006406025546453391
2022-03-24,569.4584350585938,570.6434936523438,0.002081027377578602
2022-03-25,570.6434936523438,579.4857177734375,0.015495180825597473
2022-03-28,579.4857177734375,612.3934936523438,0.05678789807857224
2022-03-29,612.3934936523438,602.0927734375,-0.016820427260599662
2022-03-30,602.0927734375,591.9742431640625,-0.016805599933824567
2022-03-31,591.9742431640625,592.1565551757812,0.00030797287859063693
2022-04-01,592.1565551757812,605.1920166015625,0.022013539007284456
2022-04-04,605.1920166015625,602.4573364257812,-0.0045186983647566336
2022-04-05,602.4573364257812,579.9415893554688,-0.037373180985548995
2022-04-06,579.9415893554688,568.8204345703125,-0.019176336012590507
2022-04-07,568.8204345703125,575.8394165039062,0.012339538995106418
2022-04-08,575.8394165039062,565.0828247070312,-0.018679846305384048
2022-04-11,565.0828247070312,575.1102905273438,0.017745125814983435
2022-04-12,575.1102905273438,578.027099609375,0.005071738638786485
2022-04-13,578.027099609375,583.405517578125,0.009304785143092222
2022-04-14,583.405517578125,578.027099609375,-0.009219004288950294
2022-04-19,578.027099609375,585.5021362304688,0.012931982992052286
2022-04-20,585.5021362304688,595.6205444335938,0.01728159058183544
2022-04-21,595.6205444335938,583.0408935546875,-0.0211202434107925
2022-04-22,583.0408935546875,561.1631469726562,-0.037523519917525616
2022-04-25,561.1631469726562,559.9644775390625,-0.002136044464181746
2022-04-26,559.9644775390625,568.53955078125,0.015313602176826141
2022-04-27,568.53955078125,569.0928955078125,0.0009732739363552276
2022-04-28,569.0928955078125,571.213623046875,0.0037265050324870675
2022-04-29,571.213623046875,559.3190307617188,-0.020823369410746976
2022-05-02,559.3190307617188,553.6945190429688,-0.010055999187244096
2022-05-03,553.6945190429688,547.0557250976562,-0.011989993971382088
2022-05-04,547.0557250976562,529.2600708007812,-0.032529874892906485
2022-05-05,529.2600708007812,518.1032104492188,-0.021080109698587205
2022-05-06,518.1032104492188,500.3075256347656,-0.03434776016736794
2022-05-09,500.3075256347656,506.669677734375,0.012716482910260821
2022-05-10,506.669677734375,528.3379516601562,0.042766075962297846
2022-05-11,528.3379516601562,521.3303833007812,-0.013263420387189013
2022-05-12,521.3303833007812,535.990966796875,0.028121482970685282
2022-05-13,535.990966796875,530.18212890625,-0.010837566769714573
2022-05-16,530.18212890625,544.1051025390625,0.02626073734611761
2022-05-17,544.1051025390625,533.4093017578125,-0.01965760058367055
2022-05-18,533.4093017578125,524.1886596679688,-0.017286241652437966
2022-05-19,524.1886596679688,513.2162475585938,-0.020932181395006026
2022-05-20,513.2162475585938,517.18115234375,0.007725602616864888
2022-05-23,517.18115234375,508.79034423828125,-0.016224118120785093
2022-05-24,508.79034423828125,508.052734375,-0.0014497324322959358
2022-05-25,508.052734375,526.6782836914062,0.0366606614947544
2022-05-26,526.6782836914062,547.1478881835938,0.03886548036254547
2022-05-27,547.1478881835938,561.1631469726562,0.02561511995520985
2022-05-30,561.1631469726562,550.6517333984375,-0.018731475206319882
2022-05-31,550.6517333984375,551.2049560546875,0.0010046688727114244
2022-06-01,551.2049560546875,560.7020874023438,0.017229764071123477
2022-06-02,560.7020874023438,561.6241455078125,0.0016444706131566575
2022-06-03,561.6241455078125,565.9578247070312,0.00771633348366869
2022-06-06,565.9578247070312,560.9788208007812,-0.008797482230813555
2022-06-07,560.9788208007812,554.8009643554688,-0.01101263758316898
2022-06-08,554.8009643554688,541.7999267578125,-0.02343369682632041
2022-06-09,541.7999267578125,528.2457275390625,-0.025016982375504825
2022-06-10,528.2457275390625,507.13067626953125,-0.03997202470126906
2022-06-13,507.13067626953125,501.598388671875,-0.010908998127172914
2022-06-14,501.598388671875,508.79034423828125,0.014338075497907811
2022-06-15,508.79034423828125,497.3569030761719,-0.022471812391067634
2022-06-16,497.3569030761719,502.2437744140625,0.009825683141553148
2022-06-17,502.2437744140625,500.21539306640625,-0.004038639105129058
2022-06-20,500.21539306640625,510.35791015625,0.020276299431067842
2022-06-21,510.35791015625,508.69818115234375,-0.003252088330321188
2022-06-22,508.69818115234375,521.883544921875,0.025919817011459942
2022-06-23,521.883544921875,541.6156005859375,0.03780930795014116
2022-06-24,541.6156005859375,534.9767456054688,-0.012257503242681007
2022-06-27,534.9767456054688,543.1830444335938,0.015339543065254894
2022-06-28,543.1830444335938,543.0908203125,-0.00016978460951393845
2022-06-29,543.0908203125,536.3598022460938,-0.012393908743537874
2022-06-30,536.3598022460938,534.7923583984375,-0.0029223738264730586
2022-07-01,534.7923583984375,539.6792602539062,0.009137942565416859
2022-07-04,539.6792602539062,527.4159545898438,-0.022723322104860777
2022-07-05,527.4159545898438,551.0205688476562,0.044755214650586614
2022-07-06,551.0205688476562,560.2410278320312,0.016733420684562923
2022-07-07,560.2410278320312,559.5956420898438,-0.0011519787200965162
2022-07-08,559.5956420898438,557.1982421875,-0.0042841647111305494
2022-07-11,557.1982421875,563.0994873046875,0.010590925581566536
2022-07-12,563.0994873046875,558.9501342773438,-0.0073687742945831814
2022-07-13,558.9501342773438,559.1346435546875,0.00033009971020455807
2022-07-14,559.1346435546875,560.9788208007812,0.0032982704029380643
2022-07-15,560.9788208007812,566.4188842773438,0.009697448949671512
2022-07-18,566.4188842773438,579.1432495117188,0.022464585111086424
2022-07-19,579.1432495117188,576.9302978515625,-0.003821078225502949
2022-07-20,576.9302978515625,583.9379272460938,0.012146405589422229
2022-07-21,583.9379272460938,585.2288208007812,0.0022106691387138964
2022-07-22,585.2288208007812,587.7184448242188,0.004254103582989802
2022-07-25,587.7184448242188,576.4691772460938,-0.01914057262825834
2022-07-26,576.4691772460938,586.4275512695312,0.017274772731146883
2022-07-27,586.4275512695312,611.2307739257812,0.04229545934967515
2022-07-28,611.2307739257812,622.3876342773438,0.01825310640023047
2022-07-29,622.3876342773438,634.6510009765625,0.019703744136012252
2022-08-01,634.6510009765625,626.075927734375,-0.013511478322720198
2022-08-02,626.075927734375,632.161376953125,0.009719985946068623
2022-08-03,632.161376953125,638.9846801757812,0.010793609782905483
2022-08-04,638.9846801757812,629.0264282226562,-0.015584492495791195
2022-08-05,629.0264282226562,635.3885498046875,0.010114235740472342
2022-08-08,635.3885498046875,626.5369873046875,-0.013930944306001246
2022-08-09,626.5369873046875,636.218505859375,0.01545242938702889
2022-08-10,636.218505859375,639.5379028320312,0.005217385131186273
2022-08-11,639.5379028320312,640.3677368164062,0.0012975524682748135
2022-08-12,640.3677368164062,644.9780883789062,0.007199537542944313
2022-08-15,644.9780883789062,644.4248046875,-0.0008578333146120952
2022-08-16,644.4248046875,645.8079223632812,0.002146282492108545
2022-08-17,645.8079223632812,651.80126953125,0.009280386567629252
2022-08-18,651.80126953125,643.8715209960938,-0.012165899187123424
2022-08-19,643.8715209960938,629.3952026367188,-0.022483240657980314
2022-08-22,629.3952026367188,626.8135986328125,-0.004101721768915879
2022-08-23,626.8135986328125,633.2679443359375,0.01029707351149214
2022-08-24,633.2679443359375,634.0977783203125,0.0013103994790786184
2022-08-25,634.0977783203125,616.8553466796875,-0.027192070734420773
2022-08-26,616.8553466796875,611.2307739257812,-0.009118138935134988
2022-08-29,611.2307739257812,610.2164916992188,-0.0016594096204417537
2022-08-30,610.2164916992188,597.0311279296875,-0.02160768177997791
2022-08-31,597.0311279296875,583.4769287109375,-0.022702667557304115
2022-09-01,583.4769287109375,594.3571166992188,0.01864716058665525
2022-09-02,594.3571166992188,585.50537109375,-0.014892974874478163
2022-09-05,585.50537109375,588.36376953125,0.00488193375948095
2022-09-06,588.36376953125,591.4066772460938,0.005171813548730299
2022-09-07,591.4066772460938,593.3429565429688,0.0032740233943440635
2022-09-08,593.3429565429688,601.4569702148438,0.013675082146673125
2022-09-09,601.4569702148438,607.5426025390625,0.010118150799790263
2022-09-12,607.5426025390625,600.1661376953125,-0.012141477507786335
2022-09-13,600.1661376953125,603.2088623046875,0.005069803873073069
2022-09-14,603.2088623046875,591.4066772460938,-0.019565669200384418
2022-09-15,591.4066772460938,589.6546630859375,-0.0029624524503418974
2022-09-16,589.6546630859375,591.0377197265625,0.0023455366797013365
2022-09-19,591.0377197265625,584.5833740234375,-0.010920361742920631
2022-09-20,584.5833740234375,593.4351806640625,0.015142077304904857
2022-09-21,593.4351806640625,576.1926879882812,-0.029055393474459422
2022-09-22,576.1926879882812,556.1840209960938,-0.03472565238903976
2022-09-23,556.1840209960938,559.5034790039062,0.005968272878223903
2022-09-26,559.5034790039062,557.1060791015625,-0.0042848704115511175
2022-09-27,557.1060791015625,565.404541015625,0.014895658520627379
2022-09-28,565.404541015625,560.6099243164062,-0.008479975577497618
2022-09-29,560.6099243164062,562.8228759765625,0.003947400080108586
2022-09-30,562.8228759765625,560.6099243164062,-0.003931879379132421
2022-10-03,560.6099243164062,596.3856811523438,0.0638157750766927
2022-10-04,596.3856811523438,587.6261596679688,-0.01468767906608647
2022-10-05,587.6261596679688,585.5975952148438,-0.003452134354044443
2022-10-06,585.5975952148438,570.0149536132812,-0.026609811462503612
2022-10-07,570.0149536132812,562.9149780273438,-0.012455770749401041
2022-10-10,562.9149780273438,562.9149780273438,0.0
2022-10-11,562.9149780273438,573.4264526367188,0.018673289963274706
2022-10-12,573.4264526367188,569.3694458007812,-0.007075025606653909
2022-10-13,569.3694458007812,576.4691772460938,0.012469463364559697
2022-10-14,576.4691772460938,587.9949951171875,0.01999381463230149
2022-10-17,587.9949951171875,586.5196533203125,-0.0025091060453345596
2022-10-18,586.5196533203125,576.2848510742188,-0.017450058473154485
2022-10-19,576.2848510742188,584.5833740234375,0.014400036602992359
2022-10-20,584.5833740234375,582.2781982421875,-0.003943279750473334
2022-10-21,582.2781982421875,586.3352661132812,0.006967576466612425
2022-10-24,586.3352661132812,606.712646484375,0.034753803069312215
2022-10-25,606.712646484375,611.3229370117188,0.007598804069864532
2022-10-26,611.3229370117188,604.3154907226562,-0.01146275702219917
2022-10-27,604.3154907226562,598.6907348632812,-0.009307647984745137
2022-10-28,598.6907348632812,589.1935424804688,-0.01586326934720529
2022-10-31,589.1935424804688,600.0737915039062,0.018466341259668798
2022-11-01,600.0737915039062,587.0729370117188,-0.021665426279665924
2022-11-02,587.0729370117188,580.8952026367188,-0.010522941845089147
2022-11-03,580.8952026367188,614.2736206054688,0.057460309221428106
2022-11-04,614.2736206054688,604.86865234375,-0.01531071487727015
2022-11-07,604.86865234375,606.251708984375,0.002286540450171985
2022-11-08,606.251708984375,606.712646484375,0.0007603071350878118
2022-11-09,606.712646484375,633.2679443359375,0.04376915168233005
2022-11-10,633.2679443359375,651.15576171875,0.028246838550418284
2022-11-11,651.15576171875,646.0846557617188,-0.007787853928599013
2022-11-14,646.0846557617188,649.311767578125,0.004994874568877604
2022-11-15,649.311767578125,644.1481323242188,-0.007952474468722704
2022-11-16,644.1481323242188,642.4884643554688,-0.0025765315235201833
2022-11-17,642.4884643554688,643.779296875,0.0020091139236658308
2022-11-18,643.779296875,644.7936401367188,0.0015756071477329612
2022-11-21,644.7936401367188,643.502685546875,-0.002002120538239215
2022-11-22,643.502685546875,647.1909790039062,0.0057315898439441425
2022-11-23,647.1909790039062,647.4675903320312,0.0004274029414790877
2022-11-24,647.4675903320312,645.6235961914062,-0.002848009951632284
2022-11-25,645.6235961914062,644.2404174804688,-0.002142391819470354
2022-11-28,644.2404174804688,647.2831420898438,0.004722964481605573
2022-11-29,647.2831420898438,679.8317260742188,0.050284924583834156
2022-11-30,679.8317260742188,669.3414306640625,-0.015430723527326233
2022-12-01,669.3414306640625,664.0497436523438,-0.007905811248631057
2022-12-02,664.0497436523438,663.30712890625,-0.0011183119234551473
2022-12-05,663.30712890625,663.0286254882812,-0.00041987098559906013
2022-12-06,663.0286254882812,661.7289428710938,-0.0019602209727074163
2022-12-07,661.7289428710938,667.4846801757812,0.00869802865160264
2022-12-08,667.4846801757812,668.6915283203125,0.0018080536982712893
2022-12-09,668.6915283203125,664.88525390625,-0.005692122978772421
2022-12-12,664.88525390625,674.6329345703125,0.01466069612281842
2022-12-13,674.6329345703125,675.2828369140625,0.0009633421531131385
2022-12-14,675.2828369140625,651.3313598632812,-0.03546880764841555
2022-12-15,651.3313598632812,644.0902099609375,-0.011117459328019635
2022-12-16,644.0902099609375,638.055908203125,-0.009368721437604937
2022-12-19,638.055908203125,633.97119140625,-0.006401816430754891
2022-12-20,633.97119140625,641.9549560546875,0.012593260950435661
2022-12-21,641.9549560546875,634.9923706054688,-0.010845909644516576
2022-12-22,634.9923706054688,625.5232543945312,-0.01491217319966954
2022-12-23,625.5232543945312,640.7482299804688,0.02433958366691636
2022-12-27,640.7482299804688,637.4061279296875,-0.005215936454296758
2022-12-28,637.4061279296875,646.5967407226562,0.014418770686783497
2022-12-29,646.5967407226562,631.1862182617188,-0.023833281998474398
2022-12-30,631.1862182617188,644.3687133789062,0.020885270837332246
2023-01-02,644.3687133789062,652.4454345703125,0.012534316182196324
2023-01-03,652.4454345703125,685.1233520507812,0.05008528797812766
2023-01-04,685.1233520507812,676.2112426757812,-0.013008036214680704
2023-01-05,676.2112426757812,695.1495361328125,0.028006475287355545
2023-01-06,695.1495361328125,705.1757202148438,0.014423060882422407
2023-01-09,705.1757202148438,702.1121215820312,-0.0043444471285527565
2023-01-10,702.1121215820312,716.9656982421875,0.02115556220093094
2023-01-11,716.9656982421875,718.2655029296875,0.0018129245104567505
2023-01-12,718.2655029296875,729.0343627929688,0.014992867984550047
2023-01-13,729.0343627929688,735.9041748046875,0.009423166262561535
2023-01-16,735.9041748046875,740.2674560546875,0.0059291432218848816
2023-01-17,740.2674560546875,744.4449462890625,0.005643217461752616
2023-01-18,744.4449462890625,720.9577026367188,-0.03155000751825082
2023-01-19,720.9577026367188,726.7135009765625,0.007983545107838348
2023-01-20,726.7135009765625,731.6337280273438,0.006770518291141441
2023-01-23,731.6337280273438,737.8536987304688,0.008501481636030506
2023-01-24,737.8536987304688,735.5328369140625,-0.0031454227584675155
2023-01-25,735.5328369140625,744.1664428710938,0.011737893298215828
2023-01-26,744.1664428710938,743.6095581054688,-0.0007483336167060477
2023-01-27,743.6095581054688,741.5670776367188,-0.0027467108867639217
2023-01-30,741.5670776367188,742.68115234375,0.0015023249286924474
2023-01-31,742.68115234375,738.5036010742188,-0.00562495931982083
2023-02-01,738.5036010742188,751.1292114257812,0.017096206888087523
2023-02-02,751.1292114257812,769.9747314453125,0.025089584764995346
2023-02-03,769.9747314453125,755.8637084960938,-0.018326605241617576
2023-02-06,755.8637084960938,749.551025390625,-0.008351615555175678
2023-02-07,749.551025390625,742.7739868164062,-0.009041463949284744
2023-02-08,742.7739868164062,751.2219848632812,0.011373578230820728
2023-02-09,751.2219848632812,740.453125,-0.014335123412610363
2023-02-10,740.453125,752.2431030273438,0.015922652804448288
2023-02-13,752.2431030273438,752.428955078125,0.00024706381492007424
2023-02-14,752.428955078125,763.661865234375,0.014928864818983053
2023-02-15,763.661865234375,764.3118286132812,0.0008511140970837533
2023-02-16,764.3118286132812,759.7628784179688,-0.005951694092666112
2023-02-17,759.7628784179688,755.3067626953125,-0.005865140097309156
2023-02-20,755.3067626953125,750.9434814453125,-0.005776833288807887
2023-02-21,750.9434814453125,751.50048828125,0.0007417426872997819
2023-02-22,751.50048828125,751.036376953125,-0.0006175795430106304
2023-02-23,751.036376953125,721.6075439453125,-0.03918429773961437
2023-02-24,721.6075439453125,737.8536987304688,0.022513837225608988
2023-02-27,737.8536987304688,732.4692993164062,-0.007297380799644635
2023-02-28,732.4692993164062,735.43994140625,0.004055654063066083
2023-03-01,735.43994140625,746.673095703125,0.015274060687261358
2023-03-02,746.673095703125,756.69921875,0.013427727749362161
2023-03-03,756.69921875,765.8900146484375,0.012145903776166016
2023-03-06,765.8900146484375,757.6275634765625,-0.01078803877038098
2023-03-07,757.6275634765625,752.3360595703125,-0.006984307542836243
2023-03-08,752.3360595703125,747.5086059570312,-0.006416618679740528
2023-03-09,747.5086059570312,745.0948486328125,-0.0032290696120192883
2023-03-10,745.0948486328125,725.6923217773438,-0.026040344918597656
2023-03-13,725.6923217773438,743.145263671875,0.024050057263643124
2023-03-14,743.145263671875,719.19384765625,-0.03222979030678503
2023-03-15,719.19384765625,744.2593383789062,0.034852204039760776
2023-03-16,744.2593383789062,730.8910522460938,-0.01796186549963937
2023-03-17,730.8910522460938,746.8587646484375,0.021846911866376717
2023-03-20,746.8587646484375,748.9010620117188,0.002734516162828461
2023-03-21,748.9010620117188,756.5136108398438,0.010164959317424335
2023-03-22,756.5136108398438,761.9907836914062,0.007240018914507058
2023-03-23,761.9907836914062,755.1210327148438,-0.009015530270960123
2023-03-24,755.1210327148438,758.4630737304688,0.004425834893791197
2023-03-27,758.4630737304688,755.8637084960938,-0.0034271480371353235
2023-03-28,755.8637084960938,763.10498046875,0.009580129183690889
2023-03-29,763.10498046875,767.74658203125,0.006082520336387817
2023-03-30,767.74658203125,783.8999633789062,0.02103999122330023
2023-03-31,783.8999633789062,783.6214599609375,-0.0003552792843212986
2023-04-03,783.6214599609375,790.0270385742188,0.008174327708688018
2023-04-04,790.0270385742188,784.0855712890625,-0.007520587264809268
2023-04-05,784.0855712890625,769.6961059570312,-0.01835190680575144
2023-04-06,769.6961059570312,780.465087890625,0.013991212701022727
2023-04-11,780.465087890625,776.6587524414062,-0.004877009245226063
2023-04-12,776.6587524414062,820.5698852539062,0.05653851537044618
2023-04-13,820.5698852539062,828.83203125,0.01006879017201225
2023-04-14,828.83203125,811.0077514648438,-0.02150529795316263
2023-04-17,811.0077514648438,814.6283569335938,0.004464329055068161
2023-04-18,814.6283569335938,821.5910034179688,0.008547021994893034
2023-04-19,821.5910034179688,832.26708984375,0.012994405222752902
2023-04-20,832.26708984375,836.5374755859375,0.0051310280008659516
2023-04-21,836.5374755859375,837.3729858398438,0.0009987720553954048
2023-04-24,837.3729858398438,832.133544921875,-0.006256997785417987
2023-04-25,832.133544921875,819.0349731445312,-0.015740949102795165
2023-04-26,819.0349731445312,820.6255493164062,0.0019420125196464822
2023-04-27,820.6255493164062,814.9182739257812,-0.006954786376538299
2023-04-28,814.9182739257812,812.7662963867188,-0.0026407280434338275
2023-05-02,812.7662963867188,822.59033203125,0.012087159234094175
2023-05-03,822.59033203125,817.4443969726562,-0.006255768951097102
2023-05-04,817.4443969726562,820.4384155273438,0.003662657137018276
2023-05-05,820.4384155273438,827.5490112304688,0.008666824430148854
2023-05-08,827.5490112304688,823.7130737304688,-0.0046352994782706694
2023-05-09,823.7130737304688,816.1346435546875,-0.009200327659557125
2023-05-10,816.1346435546875,830.449462890625,0.017539776615276465
2023-05-11,830.449462890625,828.39111328125,-0.0024785970746615997
2023-05-12,828.39111328125,824.3680419921875,-0.004856487744209556
2023-05-15,824.3680419921875,819.5963745117188,-0.00578827324375339
2023-05-16,819.5963745117188,818.0994262695312,-0.0018264456612308946
2023-05-17,818.0994262695312,816.32177734375,-0.0021729008341775627
2023-05-18,816.32177734375,818.0057983398438,0.002062937732193582
2023-05-19,818.0057983398438,821.6546630859375,0.004460683229262166
2023-05-22,821.6546630859375,780.4878540039062,-0.05010232513915105
2023-05-23,780.4878540039062,764.4887084960938,-0.020498903891632406
2023-05-24,764.4887084960938,770.3831787109375,0.007710343068950467
2023-05-25,770.3831787109375,789.1889038085938,0.02441087191068137
2023-05-26,789.1889038085938,785.9142456054688,-0.0041493971688167835
2023-05-29,785.9142456054688,782.1718139648438,-0.004761882942765376
2023-05-30,782.1718139648438,761.4949340820312,-0.02643521476183219
2023-05-31,761.4949340820312,753.9164428710938,-0.009952122951511475
2023-06-01,753.9164428710938,777.4002685546875,0.031149109302035828
2023-06-02,777.4002685546875,761.58837890625,-0.020339444541014055
2023-06-05,761.58837890625,759.997802734375,-0.002088498480188596
2023-06-06,759.997802734375,760.3720703125,0.000492458763404885
2023-06-07,760.3720703125,765.3308715820312,0.006521545784149156
2023-06-08,765.3308715820312,767.2020874023438,0.0024449762707787694
2023-06-09,767.2020874023438,781.0491333007812,0.018048759415295615
2023-06-12,781.0491333007812,787.6920166015625,0.008505077360124388
2023-06-13,787.6920166015625,795.2704467773438,0.009621057489547518
2023-06-14,795.2704467773438,789.3760986328125,-0.007411753031206909
2023-06-15,789.3760986328125,812.6727294921875,0.029512713774491543
2023-06-16,812.6727294921875,798.4515380859375,-0.017499284632248403
2023-06-19,798.4515380859375,791.5279541015625,-0.008671263882805388
2023-06-20,791.5279541015625,784.3237915039062,-0.009101589603153637
2023-06-21,784.3237915039062,785.1658935546875,0.0010736663351325305
2023-06-22,785.1658935546875,776.6517333984375,-0.010843772285757062
2023-06-23,776.6517333984375,781.2362060546875,0.005902867989735209
2023-06-26,781.2362060546875,785.5400390625,0.005509003518343371
2023-06-27,785.5400390625,794.9896850585938,0.012029489938375893
2023-06-28,794.9896850585938,799.948486328125,0.006237566804613028
2023-06-29,799.948486328125,807.4334106445312,0.009356757896702943
2023-06-30,807.4334106445312,799.85498046875,-0.009385826838316971
2023-07-03,799.85498046875,801.5390625,0.002105484209478891
2023-07-04,801.5390625,792.931396484375,-0.010738922678051014
2023-07-05,792.931396484375,763.4595336914062,-0.03716823791268493
2023-07-06,763.4595336914062,772.2544555664062,0.011519827164218696
2023-07-07,772.2544555664062,777.4002685546875,0.0066633645829949645
2023-07-10,777.4002685546875,794.615478515625,0.022144589675719244
2023-07-11,794.615478515625,810.8952026367188,0.02048754971587636
2023-07-12,810.8952026367188,820.8126831054688,0.012230286276823658
2023-07-13,820.8126831054688,834.846923828125,0.017097982294278155
2023-07-14,834.846923828125,803.6908569335938,-0.03731949655113725
2023-07-17,803.6908569335938,803.9716186523438,0.00034934044144936487
2023-07-18,803.9716186523438,795.6447143554688,-0.010357211751868755
2023-07-19,795.6447143554688,799.012939453125,0.004233328063248384
2023-07-20,799.012939453125,812.0180053710938,0.01627641465590021
2023-07-21,812.0180053710938,802.3810424804688,-0.01186791773936206
2023-07-24,802.3810424804688,799.012939453125,-0.004197635349075106
2023-07-25,799.012939453125,757.845947265625,-0.051522309783463914
2023-07-26,757.845947265625,786.1949462890625,0.03740733736945245
2023-07-27,786.1949462890625,787.037109375,0.0010711886281037726
2023-07-28,787.037109375,793.4927978515625,0.008202521075135931
2023-07-31,793.4927978515625,775.62255859375,-0.022520984823299502
2023-08-01,775.62255859375,761.12060546875,-0.018697178111081382
2023-08-02,761.12060546875,758.9686279296875,-0.002827380475052525
2023-08-03,758.9686279296875,763.4595336914062,0.005917116461017671
2023-08-04,763.4595336914062,764.7694702148438,0.0017157903800137523
2023-08-07,764.7694702148438,755.2262573242188,-0.012478548454535015
2023-08-08,755.2262573242188,755.0391235351562,-0.00024778506738565824
2023-08-09,755.0391235351562,780.95556640625,0.03432463572185611
2023-08-10,780.95556640625,767.5763549804688,-0.017131847189909698
2023-08-11,767.5763549804688,763.6466674804688,-0.0051196046810222445
2023-08-14,763.6466674804688,752.3258056640625,-0.014824738060807155
2023-08-15,752.3258056640625,751.203125,-0.001492279881415915
2023-08-16,751.203125,734.5491943359375,-0.022169677028516754
2023-08-17,734.5491943359375,726.8772583007812,-0.010444414198959123
2023-08-18,726.8772583007812,733.4264526367188,0.009010041600761498
2023-08-21,733.4264526367188,739.32080078125,0.008036726959248144
2023-08-22,739.32080078125,739.5079345703125,0.0002531158177407605
2023-08-23,739.5079345703125,733.2393188476562,-0.00847673896331971
2023-08-24,733.2393188476562,734.7362670898438,0.0020415547880602925
2023-08-25,734.7362670898438,747.08642578125,0.0168089683939558
2023-08-28,747.08642578125,757.845947265625,0.014401976950823937
2023-08-29,757.845947265625,752.2322998046875,-0.007407372806032724
2023-08-30,752.2322998046875,731.8359375,-0.027114446308651317
2023-08-31,731.8359375,725.8480224609375,-0.008182045636509207
2023-09-01,725.8480224609375,722.85400390625,-0.004124855978165356
2023-09-04,722.85400390625,710.2232666015625,-0.017473427879532967
2023-09-05,710.2232666015625,684.400390625,-0.03635881446143782
2023-09-06,684.400390625,677.4769287109375,-0.010116098717798712
2023-09-07,677.4769287109375,692.3531494140625,0.02195826909032988
2023-09-08,692.3531494140625,694.4114379882812,0.002972888295461177
2023-09-11,694.4114379882812,687.1137084960938,-0.010509229965060938
2023-09-12,687.1137084960938,682.6227416992188,-0.0065359877722488075
2023-09-13,682.6227416992188,694.78564453125,0.01781789865622517
2023-09-14,694.78564453125,712.1880493164062,0.025047156518176343
2023-09-15,712.1880493164062,694.6920776367188,-0.024566505568972982
2023-09-18,694.6920776367188,689.359130859375,-0.007676705909020821
2023-09-19,689.359130859375,689.2655639648438,-0.00013573026067647325
2023-09-20,689.2655639648438,682.342041015625,-0.010044782898180428
2023-09-21,682.342041015625,685.1488647460938,0.004113514281328705
2023-09-22,685.1488647460938,667.3722534179688,-0.02594561889073954
2023-09-25,667.3722534179688,657.7354125976562,-0.014439978244461176
2023-09-26,657.7354125976562,653.7122802734375,-0.006116642417548746
2023-09-27,653.7122802734375,660.5422973632812,0.010448047705309837
2023-09-28,660.5422973632812,670.2726440429688,0.014730845728621161
2023-09-29,670.2726440429688,668.8692626953125,-0.002093747014933052
2023-10-02,668.8692626953125,659.8873291015625,-0.013428533937343607
2023-10-03,659.8873291015625,666.6237182617188,0.010208392952972522
2023-10-04,666.6237182617188,674.2021484375,0.011368377644201871
2023-10-05,674.2021484375,682.7162475585938,0.012628406985687655
2023-10-06,682.7162475585938,664.939697265625,-0.026037977500225067
2023-10-09,664.939697265625,686.2716064453125,0.03208096804478496
2023-10-10,686.2716064453125,641.9235229492188,-0.06462176648368703
2023-10-11,641.9235229492188,631.5382690429688,-0.016178335167617085
2023-10-12,631.5382690429688,618.0654296875,-0.021333369671936827
2023-10-13,618.0654296875,624.14697265625,0.009839642660203287
2023-10-16,624.14697265625,625.3632202148438,0.001948655704308928
2023-10-17,625.3632202148438,624.7083740234375,-0.0010471453552725364
2023-10-18,624.7083740234375,627.4215698242188,0.004343139797065467
2023-10-19,627.4215698242188,621.2465209960938,-0.009841945392242459
2023-10-20,621.2465209960938,626.2988891601562,0.008132630112699284
2023-10-23,626.2988891601562,637.1519775390625,0.01732892803539831
2023-10-24,637.1519775390625,635.374267578125,-0.0027900878026051678
2023-10-25,635.374267578125,625.3632202148438,-0.015756142283571944
2023-10-26,625.3632202148438,618.8140258789062,-0.010472624747083019
2023-10-27,618.8140258789062,627.7958374023438,0.014514557117028117
2023-10-30,627.7958374023438,631.0704345703125,0.005216022427797839
2023-10-31,631.0704345703125,631.8189697265625,0.0011861356755837685
2023-11-01,631.8189697265625,655.9577026367188,0.03820514113497252
2023-11-02,655.9577026367188,657.54833984375,0.002424908192460351
2023-11-03,657.54833984375,652.3088989257812,-0.007968145610729963
2023-11-06,652.3088989257812,652.5895385742188,0.0004302250803256798
2023-11-07,652.5895385742188,658.2032470703125,0.008602204240599093
2023-11-08,658.2032470703125,668.4014892578125,0.015494062408371215
2023-11-09,668.4014892578125,642.8591918945312,-0.03821400426806829
2023-11-10,642.8591918945312,644.1690063476562,0.0020374826550506736
2023-11-13,644.1690063476562,661.3843383789062,0.026724868569598537
2023-11-14,661.3843383789062,672.7052612304688,0.017117010782733047
2023-11-15,672.7052612304688,660.6358032226562,-0.01794167327565691
2023-11-16,660.6358032226562,665.7816162109375,0.007789182728485789
2023-11-17,665.7816162109375,671.4889526367188,0.008572385128719164
2023-11-20,671.4889526367188,658.7645874023438,-0.0189494781476457
2023-11-21,658.7645874023438,666.4365844726562,0.011646037472300844
2023-11-22,666.4365844726562,665.7816162109375,-0.000982791576841507
2023-11-23,665.7816162109375,661.3843383789062,-0.006604684967207136
2023-11-24,661.3843383789062,652.4024047851562,-0.013580505422558497
2023-11-27,652.4024047851562,640.4265747070312,-0.018356508176987453
2023-11-28,640.4265747070312,646.0402221679688,0.00876548176269155
2023-11-29,646.0402221679688,657.4547119140625,0.017668388676775008
2023-11-30,657.4547119140625,654.18017578125,-0.004980626153365408
2023-12-01,654.18017578125,658.895263671875,0.007207628823349836
2023-12-04,658.895263671875,672.5692138671875,0.0207528433564853
2023-12-05,672.5692138671875,677.6615600585938,0.007571482735770653
2023-12-06,677.6615600585938,674.8323974609375,-0.004174890187679566
2023-12-07,674.8323974609375,696.99365234375,0.03283964280048558
2023-12-08,696.99365234375,697.8424682617188,0.001217824459540591
2023-12-11,697.8424682617188,691.8070068359375,-0.008648744810293934
2023-12-12,691.8070068359375,692.65576171875,0.0012268665602194208
2023-12-13,692.65576171875,704.2549438476562,0.016745954873924877
2023-12-14,704.2549438476562,705.763916015625,0.0021426504437790208
2023-12-15,705.763916015625,699.5399169921875,-0.00881881161986143
2023-12-18,699.5399169921875,703.0289916992188,0.004987670642203275
2023-12-19,703.0289916992188,704.3493041992188,0.0018780342142203966
2023-12-20,704.3493041992188,701.0487670898438,-0.0046859379141822415
2023-12-21,701.0487670898438,695.6735229492188,-0.0076674325567084685
2023-12-22,695.6735229492188,693.5045166015625,-0.003117850940281622
2023-12-27,693.5045166015625,689.3551635742188,-0.005983166551931295
2023-12-28,689.3551635742188,691.8070068359375,0.0035567199482575205
2023-12-29,691.8070068359375,681.8108520507812,-0.014449340186470308
2024-01-02,681.8108520507812,655.7832641601562,-0.03817420595805721
2024-01-03,655.7832641601562,658.0465087890625,0.003451208276570958
2024-01-04,658.0465087890625,649.653564453125,-0.012754333050686949
2024-01-05,649.653564453125,651.9168090820312,0.003483771586493853
2024-01-08,651.9168090820312,641.9207763671875,-0.015333294947432382
2024-01-09,641.9207763671875,644.0896606445312,0.0033787413606054064
2024-01-10,644.0896606445312,633.905029296875,-0.015812443468607516
2024-01-11,633.905029296875,631.7359619140625,-0.003421754494073696
2024-01-12,631.7359619140625,631.0758666992188,-0.0010448909902861369
2024-01-15,631.0758666992188,628.3411254882812,-0.004333458709554683
2024-01-16,628.3411254882812,610.517822265625,-0.028365648052729057
2024-01-17,610.517822265625,625.6063232421875,0.02471426783344217
2024-01-18,625.6063232421875,621.8341674804688,-0.006029599800349934
2024-01-19,621.8341674804688,625.134765625,0.005307843018508498
2024-01-22,625.134765625,632.20751953125,0.011313966675935502
2024-01-23,632.20751953125,644.4669189453125,0.019391416639827738
2024-01-24,644.4669189453125,646.2586669921875,0.002780201736044488
2024-01-25,646.2586669921875,729.056640625,0.12811893729513948
2024-01-26,729.056640625,732.0744018554688,0.004139268559273676
2024-01-29,732.0744018554688,737.44970703125,0.007342566769384842
2024-01-30,737.44970703125,729.5282592773438,-0.010741678623476044
2024-01-31,729.5282592773438,726.6990966796875,-0.0038780712901495583
2024-02-01,726.6990966796875,733.7718505859375,0.009732713221422249
2024-02-02,733.7718505859375,736.2236938476562,0.0033414245310185776
2024-02-05,736.2236938476562,735.0921020507812,-0.0015370217045869155
2024-02-06,735.0921020507812,739.4299926757812,0.0059011525397947105
2024-02-07,739.4299926757812,758.6678466796875,0.026017140492624696
2024-02-08,758.6678466796875,761.4969482421875,0.0037290384387338583
2024-02-09,761.4969482421875,775.0765991210938,0.01783283690138619
2024-02-12,775.0765991210938,755.1787109375,-0.02567215705667952
2024-02-13,755.1787109375,756.8760986328125,0.0022476635937013047
2024-02-14,756.8760986328125,769.1355590820312,0.016197446941928404
2024-02-15,769.1355590820312,769.3240966796875,0.0002451292173791457
2024-02-16,769.3240966796875,775.0765991210938,0.007477345979715669
2024-02-19,775.0765991210938,773.4735107421875,-0.002068296708640267
2024-02-20,773.4735107421875,774.7936401367188,0.0017067544992775746
2024-02-21,774.7936401367188,792.5226440429688,0.0228822269412557
2024-02-22,792.5226440429688,801.6699829101562,0.01154205363839617
2024-02-23,801.6699829101562,794.2200927734375,-0.00929296380746947
2024-02-26,794.2200927734375,801.9530029296875,0.009736482653374423
2024-02-27,801.9530029296875,799.4067993164062,-0.0031750035276125682
2024-02-28,799.4067993164062,794.7859497070312,-0.005780348144807387
2024-02-29,794.7859497070312,798.1807861328125,0.004271384549554043
2024-03-01,798.1807861328125,791.9567260742188,-0.007797807422487997
2024-03-04,791.9567260742188,781.8663940429688,-0.01274101437495005
2024-03-05,781.8663940429688,785.1669311523438,0.004221356915352489
2024-03-06,785.1669311523438,791.9567260742188,0.008647581364525902
2024-03-07,791.9567260742188,796.7662963867188,0.006073021611094023
2024-03-08,796.7662963867188,801.9530029296875,0.006509696213921339
2024-03-11,801.9530029296875,810.06298828125,0.01011279379456798
2024-03-12,810.06298828125,817.7958374023438,0.009545984982601058
2024-03-13,817.7958374023438,823.076904296875,0.006457683755527654
2024-03-14,823.076904296875,813.1749877929688,-0.012030366120362837
2024-03-15,813.1749877929688,809.2142944335938,-0.004870653203592358
2024-03-18,809.2142944335938,811.1946411132812,0.002447246289777463
2024-03-19,811.1946411132812,797.9921875,-0.01627532153708787
2024-03-20,797.9921875,799.595458984375,0.0020091318054100624
2024-03-21,799.595458984375,781.3948364257812,-0.02276228854740083
2024-03-22,781.3948364257812,778.4714965820312,-0.0037411814200383007
2024-03-25,778.4714965820312,774.9822998046875,-0.0044821124378522145
2024-03-26,774.9822998046875,782.9979248046875,0.010342978158365827
2024-03-27,782.9979248046875,786.2044067382812,0.004095134651082991
2024-03-28,786.2044067382812,774.9822998046875,-0.014273777706424717
2024-04-02,774.9822998046875,769.5126953125,-0.007057715374358821
2024-04-03,769.5126953125,772.718994140625,0.004166661378891115
2024-04-04,772.718994140625,754.235595703125,-0.02391994836111956
2024-04-05,754.235595703125,761.3084106445312,0.009377461076751121
2024-04-08,761.3084106445312,749.897705078125,-0.014988282549966621
2024-04-09,749.897705078125,747.822998046875,-0.0027666533944571215
2024-04-10,747.822998046875,745.4654541015625,-0.0031525427159499104
2024-04-11,745.4654541015625,736.6953125,-0.011764651941024289
2024-04-12,736.6953125,749.5204467773438,0.017409007577123343
2024-04-15,749.5204467773438,737.2611083984375,-0.01635624275710796
2024-04-16,737.2611083984375,758.1963500976562,0.028395966450334896
2024-04-17,758.1963500976562,751.406494140625,-0.008955273862973241
2024-04-18,751.406494140625,751.2178955078125,-0.00025099414801864084
2024-04-19,751.2178955078125,751.406494140625,0.0002510571618970952
2024-04-22,751.406494140625,761.2120361328125,0.013049583772099263
2024-04-23,761.2120361328125,761.7832641601562,0.0007504190688389022
2024-04-24,761.7832641601562,740.6489868164062,-0.02774316309908688
2024-04-25,740.6489868164062,754.1672973632812,0.01825198007085906
2024-04-26,754.1672973632812,741.7913818359375,-0.01641004001448009
2024-04-29,741.7913818359375,737.2218627929688,-0.006160113415795108
2024-04-30,737.2218627929688,730.1771240234375,-0.009555791987560193
2024-05-02,730.1771240234375,744.4569702148438,0.01955668798923902
2024-05-03,744.4569702148438,744.1714477539062,-0.0003835311809292359
2024-05-06,744.1714477539062,751.5017700195312,0.0098503137788338
2024-05-07,751.5017700195312,750.0737915039062,-0.001900166536650855
2024-05-08,750.0737915039062,751.1209106445312,0.0013960215014652286
2024-05-09,751.1209106445312,750.5496826171875,-0.0007605007652544029
2024-05-10,750.5496826171875,745.0281372070312,-0.00735666876961758
2024-05-13,745.0281372070312,753.8817138671875,0.01188354669844635
2024-05-14,753.8817138671875,751.1209106445312,-0.00366211724183381
2024-05-15,751.1209106445312,748.2649536132812,-0.0038022600499822653
2024-05-16,748.2649536132812,745.5994262695312,-0.0035622774137402664
2024-05-17,745.5994262695312,741.6961669921875,-0.005235062071966693
2024-05-20,741.6961669921875,731.2242431640625,-0.014118886269281886
2024-05-21,731.2242431640625,715.8021240234375,-0.021090820339725508
2024-05-22,715.8021240234375,716.6588745117188,0.001196909675910933
2024-05-23,716.6588745117188,713.9932861328125,-0.0037194660859009043
2024-05-24,713.9932861328125,719.8956909179688,0.008266751102276223
2024-05-27,719.8956909179688,709.6141357421875,-0.014282006831671424
2024-05-28,709.6141357421875,689.4319458007812,-0.028441076529989975
2024-05-29,689.4319458007812,699.1422729492188,0.014084533227074167
2024-05-30,699.1422729492188,699.6182250976562,0.0006807657995414478
2024-05-31,699.6182250976562,702.5693969726562,0.004218260429948149
2024-06-03,702.5693969726562,699.71337890625,-0.0040651045700434985
2024-06-04,699.71337890625,716.4684448242188,0.023945613194018476
2024-06-05,716.4684448242188,726.0835571289062,0.013420147634061554
2024-06-06,726.0835571289062,725.8931884765625,-0.00026218559899153954
2024-06-07,725.8931884765625,710.470947265625,-0.02124588225342667
2024-06-10,710.470947265625,701.236572265625,-0.012997540625046176
2024-06-11,701.236572265625,700.09423828125,-0.0016290279622527865
2024-06-12,700.09423828125,696.3814086914062,-0.0053033283047134415
2024-06-13,696.3814086914062,677.2463989257812,-0.027477772276520478
2024-06-14,677.2463989257812,682.9583740234375,0.00843411660322792
2024-06-17,682.9583740234375,676.0088500976562,-0.010175618588348635
2024-06-18,676.0088500976562,673.0576171875,-0.0043656720022673
2024-06-19,673.0576171875,679.3407592773438,0.009335221724551698
2024-06-20,679.3407592773438,682.8631591796875,0.00518502659267897
2024-06-21,682.8631591796875,691.6214599609375,0.01282585048484854
2024-06-24,691.6214599609375,701.427001953125,0.014177613853597476
2024-06-25,701.427001953125,692.0974731445312,-0.013300783663325844
2024-06-26,692.0974731445312,681.1495361328125,-0.015818490077672172
2024-06-27,681.1495361328125,679.3407592773438,-0.0026554768953348734
2024-06-28,679.3407592773438,677.817626953125,-0.0022420741040755435
2024-07-01,677.817626953125,675.5328979492188,-0.0033707134678341026
2024-07-02,675.5328979492188,680.483154296875,0.007327927866554282
2024-07-03,680.483154296875,685.2431030273438,0.006994954541361244
2024-07-04,685.2431030273438,682.00634765625,-0.004723513971602267
2024-07-05,682.00634765625,662.3001708984375,-0.028894418395860672
2024-07-08,662.3001708984375,653.9226684570312,-0.012649102037889893
2024-07-09,653.9226684570312,664.10888671875,0.015577099178644055
2024-07-10,664.10888671875,675.9136352539062,0.01777532084155886
2024-07-11,675.9136352539062,690.003173828125,0.02084517583215499
2024-07-12,690.003173828125,671.724853515625,-0.02649019744516857
2024-07-15,671.724853515625,658.8729858398438,-0.019132636835630056
2024-07-16,658.8729858398438,657.0642700195312,-0.0027451661536965115
2024-07-17,657.0642700195312,657.159423828125,0.00014481659243306832
2024-07-18,657.159423828125,647.1635131835938,-0.015210784905590281
2024-07-19,647.1635131835938,658.8729858398438,0.018093530333080043
2024-07-22,658.8729858398438,658.39697265625,-0.0007224657769008266
2024-07-23,658.39697265625,627.742919921875,-0.046558617380489574
2024-07-24,627.742919921875,621.2693481445312,-0.010312456854390983
2024-07-25,621.2693481445312,631.2652587890625,0.016089495923764477
2024-07-26,631.2652587890625,623.2685546875,-0.012667739892580722
2024-07-29,623.2685546875,621.0789794921875,-0.003513052565936571
2024-07-30,621.0789794921875,621.650146484375,0.0009196366501640468
2024-07-31,621.650146484375,611.1782836914062,-0.016845267152578332
2024-08-01,611.1782836914062,600.2303466796875,-0.01791283706219925
2024-08-02,600.2303466796875,594.3280029296875,-0.009833464406873419
2024-08-05,594.3280029296875,592.0432739257812,-0.0038442223698763643
2024-08-06,592.0432739257812,601.087158203125,0.015275714927685327
2024-08-07,601.087158203125,602.8959350585938,0.003009175675747029
2024-08-08,602.8959350585938,605.46630859375,0.004263378446740469
2024-08-09,605.46630859375,604.6094360351562,-0.0014152274807559709
2024-08-12,604.6094360351562,603.7527465820312,-0.001416930338935673
2024-08-13,603.7527465820312,613.2725830078125,0.015767773280825646
2024-08-14,613.2725830078125,624.506103515625,0.01831733688911607
2024-08-15,624.506103515625,626.5053100585938,0.003201260214614909
2024-08-16,626.5053100585938,642.117919921875,0.024920155683630336
2024-08-19,642.117919921875,645.2594604492188,0.004892466679213647
2024-08-20,645.2594604492188,646.2114868164062,0.0014754163643330626
2024-08-21,646.2114868164062,645.4498901367188,-0.0011785563940367955
2024-08-22,645.4498901367188,648.4010620117188,0.0045722710935389346
2024-08-23,648.4010620117188,649.2578735351562,0.0013214221469335203
2024-08-26,649.2578735351562,637.6435546875,-0.017888606855727802
2024-08-27,637.6435546875,634.2164916992188,-0.005374574812350773
2024-08-28,634.2164916992188,644.8787231445312,0.016811659086230654
2024-08-29,644.8787231445312,641.9275512695312,-0.004576320739207547
2024-08-30,641.9275512695312,640.8803100585938,-0.0016314009405989595
2024-09-02,640.8803100585938,638.6908569335938,-0.0034163214107792218
2024-09-03,638.6908569335938,611.7493896484375,-0.04218232810550069
2024-09-04,611.7493896484375,589.472900390625,-0.03641440373257166
2024-09-05,589.472900390625,582.6184692382812,-0.011628068309504195
2024-09-06,582.6184692382812,586.6168823242188,0.006862832706222047
2024-09-09,586.6168823242188,582.9993286132812,-0.006166808047876987
2024-09-10,582.9993286132812,577.8585815429688,-0.008817758131111833
2024-09-11,577.8585815429688,577.6681518554688,-0.0003295437561756447
2024-09-12,577.6681518554688,578.90576171875,0.002142423568455436
2024-09-13,578.90576171875,574.621826171875,-0.007400056848900851
2024-09-16,574.621826171875,578.5249633789062,0.006792532112874849
2024-09-17,578.5249633789062,567.2914428710938,-0.019417520796687005
2024-09-18,567.2914428710938,584.5225219726562,0.030374297582129995
2024-09-19,584.5225219726562,563.4835205078125,-0.0359934830121532
2024-09-20,563.4835205078125,566.5299072265625,0.005406345718867857
2024-09-23,566.5299072265625,584.61767578125,0.031927296906946824
2024-09-24,584.61767578125,587.8544311523438,0.005536533541802911
2024-09-25,587.8544311523438,645.9259033203125,0.09878546301698184
2024-09-26,645.9259033203125,669.6304931640625,0.03669862088189854
2024-09-27,669.6304931640625,655.44580078125,-0.021182865069045154
2024-09-30,655.44580078125,632.1220092773438,-0.03558462267376763
2024-10-01,632.1220092773438,636.310791015625,0.00662653993501976
2024-10-02,636.310791015625,629.2660522460938,-0.011071223164842197
2024-10-03,629.2660522460938,630.1229248046875,0.0013617015498217973
2024-10-04,630.1229248046875,647.1635131835938,0.027043276332452338
2024-10-07,647.1635131835938,624.0300903320312,-0.03574587006267113
2024-10-08,624.0300903320312,624.886962890625,0.0013731269883761998
2024-10-09,624.886962890625,623.55419921875,-0.002132807613251928
2024-10-10,623.55419921875,621.745361328125,-0.0029008511094806033
2024-10-11,621.745361328125,607.1798706054688,-0.023426778273894253
2024-10-14,607.1798706054688,595.3751831054688,-0.019441829466824354
2024-10-15,595.3751831054688,573.4794311523438,-0.03677639339771782
2024-10-16,573.4794311523438,580.1433715820312,0.011620190834564103
2024-10-17,580.1433715820312,593.2808227539062,0.022645180166498528
2024-10-18,593.2808227539062,581.66650390625,-0.01957642721998767
2024-10-21,581.66650390625,586.4264526367188,0.008183295236192479
2024-10-22,586.4264526367188,584.1416625976562,-0.003896123765886613
2024-10-23,584.1416625976562,598.516845703125,0.024609070069652017
2024-10-24,598.516845703125,596.8983764648438,-0.002704133141615933
2024-10-25,596.8983764648438,601.7535400390625,0.008133986899032402
2024-10-28,601.7535400390625,600.6111450195312,-0.00189844337177824
2024-10-29,600.6111450195312,588.4256591796875,-0.02028847772954245
2024-10-30,588.4256591796875,580.524169921875,-0.013428186100565039
2024-10-31,580.524169921875,581.66650390625,0.0019677630037845477
2024-11-01,581.66650390625,577.572998046875,-0.007037547859270869
2024-11-04,577.572998046875,573.6697387695312,-0.006758036283799692
2024-11-05,573.6697387695312,574.1458129882812,0.0008298750772023209
2024-11-06,574.1458129882812,589.282470703125,0.02636378664169184
2024-11-07,589.282470703125,569.6714477539062,-0.03327949485043922
2024-11-08,569.6714477539062,570.7186279296875,0.0018382177655384686
2024-11-11,570.7186279296875,544.919677734375,-0.04520432474562742
2024-11-12,544.919677734375,546.4428100585938,0.0027951501596556617
2024-11-13,546.4428100585938,556.3436279296875,0.01811867168685431
2024-11-14,556.3436279296875,558.1522827148438,0.0032509670181480603
2024-11-15,558.1522827148438,560.3419189453125,0.0039230086452722085
2024-11-18,560.3419189453125,549.5844116210938,-0.019198112724578522
2024-11-19,549.5844116210938,547.7756958007812,-0.0032910609945747582
2024-11-20,547.7756958007812,547.2997436523438,-0.0008688814638658183
2024-11-21,547.2997436523438,555.0108032226562,0.014089280434983588
2024-11-22,555.0108032226562,564.0547485351562,0.016295079771396447
2024-11-25,564.0547485351562,567.3865966796875,0.005906958771615737
2024-11-26,567.3865966796875,561.7698974609375,-0.00989924550847445
2024-11-27,561.7698974609375,558.3427124023438,-0.006100691891971763
2024-11-28,558.3427124023438,564.0547485351562,0.010230340624015141
2024-11-29,564.0547485351562,582.4080200195312,0.032538102962590486
2024-12-02,582.4080200195312,585.386962890625,0.0051148726815160445
2024-12-03,585.386962890625,586.3478393554688,0.0016414381012159341
2024-12-04,586.3478393554688,585.386962890625,-0.0016387481974862812
2024-12-05,585.386962890625,605.7582397460938,0.03479967636258234
2024-12-06,605.7582397460938,627.0904541015625,0.03521572296632769
2024-12-09,627.0904541015625,611.1392822265625,-0.02543679587317809
2024-12-10,611.1392822265625,618.6343994140625,0.012264171859797744
2024-12-11,618.6343994140625,620.7484130859375,0.003417226190262425
2024-12-12,620.7484130859375,614.0220336914062,-0.010835918792111416
2024-12-13,614.0220336914062,606.5269165039062,-0.012206593210410554
2024-12-16,606.5269165039062,610.7549438476562,0.006970881635593117
2024-12-17,610.7549438476562,611.6197509765625,0.0014159641892673132
2024-12-18,611.6197509765625,602.9716186523438,-0.014139720488768437
2024-12-19,602.9716186523438,603.548095703125,0.0009560600083793169
2024-12-20,603.548095703125,604.605224609375,0.0017515238864575652
2024-12-23,604.605224609375,606.142578125,0.0025427393827406265
2024-12-24,606.142578125,610.7549438476562,0.007609374244792086
2024-12-27,610.7549438476562,604.7012329101562,-0.009911849258824842
2024-12-30,604.7012329101562,610.6588745117188,0.00985220680449259
2024-12-31,610.6588745117188,610.5628051757812,-0.00015732078898274718
2025-01-02,610.5628051757812,587.40478515625,-0.03792897278251997
2025-01-03,587.40478515625,609.7940063476562,0.0381154899605571
2025-01-06,609.7940063476562,619.3070678710938,0.015600451011999462
2025-01-07,619.3070678710938,610.85107421875,-0.01365395954774382
2025-01-08,610.85107421875,622.6702880859375,0.01934876497074794
2025-01-09,622.6702880859375,619.7875366210938,-0.004629659580683073
2025-01-10,619.7875366210938,621.1328125,0.0021705436128004662
2025-01-13,621.1328125,625.552978515625,0.007116297717124709
2025-01-14,625.552978515625,612.29248046875,-0.021198041576495796
2025-01-15,612.29248046875,668.3135375976562,0.09149394924141231
2025-01-16,668.3135375976562,663.1246337890625,-0.0077641758196997914
2025-01-17,663.1246337890625,656.398193359375,-0.010143553846360585
2025-01-20,656.398193359375,673.8867797851562,0.026643258014280257
2025-01-21,673.8867797851562,685.898193359375,0.017824082523251374
2025-01-22,685.898193359375,692.432373046875,0.009526457061356377
2025-01-23,692.432373046875,705.4046630859375,0.018734378322003045
2025-01-24,705.4046630859375,725.2954711914062,0.028197726987587986
2025-01-27,725.2954711914062,721.2597045898438,-0.0055643069092009495
2025-01-28,721.2597045898438,685.3216552734375,-0.04982678096074009
2025-01-29,685.3216552734375,687.8200073242188,0.0036455174465257908
2025-01-30,687.8200073242188,676.0007934570312,-0.017183585445801463
2025-01-31,676.0007934570312,663.1246337890625,-0.019047551116206197
2025-02-03,663.1246337890625,665.6229858398438,0.0037675452297794847
2025-02-04,665.6229858398438,659.1848754882812,-0.009672307730537991
2025-02-05,659.1848754882812,669.6588134765625,0.015889226797752055
2025-02-06,669.6588134765625,657.4552001953125,-0.018223628265107747
2025-02-07,657.4552001953125,658.5122680664062,0.0016078173399187096
2025-02-10,658.5122680664062,658.4161987304688,-0.00014588845279919993
2025-02-11,658.4161987304688,660.9144897460938,0.0037943948226700722
2025-02-12,660.9144897460938,679.55615234375,0.028205861555279103
2025-02-13,679.55615234375,685.1294555664062,0.008201387337064419
2025-02-14,685.1294555664062,674.0789794921875,-0.01612903369492874
2025-02-17,674.0789794921875,677.5382690429688,0.005131875723802099
2025-02-18,677.5382690429688,663.8933715820312,-0.020138932491903502
2025-02-19,663.8933715820312,668.3135375976562,0.006657945695544334
2025-02-20,668.3135375976562,674.94384765625,0.009920957283653567
2025-02-21,674.94384765625,665.04638671875,-0.014664124981461855
2025-02-24,665.04638671875,657.4552001953125,-0.011414521866499267
2025-02-25,657.4552001953125,672.9259033203125,0.023531189836819396
2025-02-26,672.9259033203125,666.00732421875,-0.010281338654709595
2025-02-27,666.00732421875,667.737060546875,0.0025971731319231984
2025-02-28,667.737060546875,663.7972412109375,-0.005900255607665086
2025-03-03,663.7972412109375,641.31201171875,-0.03387364107022897
2025-03-04,641.31201171875,638.3330688476562,-0.004645075745751317
2025-03-05,638.3330688476562,627.474853515625,-0.017010266053790576
2025-03-06,627.474853515625,609.89013671875,-0.02802457612181763
2025-03-07,609.89013671875,605.662109375,-0.0069324409253395565
2025-03-10,605.662109375,596.533447265625,-0.015072202748154621
2025-03-11,596.533447265625,587.8853149414062,-0.014497313375905142
2025-03-12,587.8853149414062,581.3511352539062,-0.011114718332692581
2025-03-13,581.3511352539062,581.4472045898438,0.00016525182477805178
2025-03-14,581.4472045898438,585.867431640625,0.007602112480529172
2025-03-17,585.867431640625,586.1557006835938,0.0004920380062115762
2025-03-18,586.1557006835938,586.7321166992188,0.0009833837919733016
2025-03-19,586.7321166992188,580.8706665039062,-0.009989993778229294
2025-03-20,580.8706665039062,578.9487915039062,-0.003308610867832617
2025-03-21,578.9487915039062,572.9910888671875,-0.010290551986891145
2025-03-24,572.9910888671875,574.9129638671875,0.003354109753782694
2025-03-25,574.9129638671875,571.2615356445312,-0.006351271326523397
2025-03-26,571.2615356445312,566.0726318359375,-0.009083236809807823
2025-03-27,566.0726318359375,564.1507568359375,-0.0033951031933248613
2025-03-28,564.1507568359375,549.3528442382812,-0.026230422308836286
2025-03-31,549.3528442382812,552.6198120117188,0.00594693885305608
2025-04-01,552.6198120117188,552.7159423828125,0.00017395389923463597
2025-04-02,552.7159423828125,521.6785888671875,-0.05615425779437433
2025-04-03,521.6785888671875,509.28277587890625,-0.023761398786173032
2025-04-04,509.28277587890625,487.7583923339844,-0.04226411055778528
2025-04-07,487.7583923339844,499.4814453125,0.02403454899549624
2025-04-08,499.4814453125,478.9179992675781,-0.04116958945703454
2025-04-09,478.9179992675781,503.70947265625,0.05176559124231314
2025-04-10,503.70947265625,503.90167236328125,0.0003815685776519319
2025-04-11,503.90167236328125,509.37884521484375,0.01086952703664338
2025-04-14,509.37884521484375,469.54913330078125,-0.07819270919518317
2025-04-15,469.54913330078125,466.2339782714844,-0.007060294214563635
2025-04-16,466.2339782714844,466.6183166503906,0.0008243465659262886
2025-04-17,466.6183166503906,468.2518615722656,0.0035008161136951643
2025-04-22,468.2518615722656,480.74371337890625,0.026677634050821065
2025-04-23,480.74371337890625,487.47491455078125,0.014001641591035618
2025-04-24,487.47491455078125,486.596923828125,-0.0018010992903405862
2025-04-25,486.596923828125,489.7186279296875,0.006415379852802242
2025-04-28,489.7186279296875,477.3293151855469,-0.02529883904256844
2025-04-29,477.3293151855469,475.9635925292969,-0.0028611749012715003
2025-04-30,475.9635925292969,483.7191162109375,0.016294363273517083
2025-05-02,483.7191162109375,480.2071533203125,-0.007260335126167565
2025-05-05,480.2071533203125,477.1342468261719,-0.006399126862008457
2025-05-06,477.1342468261719,471.6712341308594,-0.011449634419771105
2025-05-07,471.6712341308594,475.37823486328125,0.007859289403672672
2025-05-08,475.37823486328125,483.6215515136719,0.017340542847447363
2025-05-09,483.6215515136719,517.5213623046875,0.07009574053288914
2025-05-12,517.5213623046875,523.7648315429688,0.01206417684958374
2025-05-13,523.7648315429688,512.35107421875,-0.02179175965403165
2025-05-14,512.35107421875,494.8889465332031,-0.03408234814804226
2025-05-15,494.8889465332031,491.5721435546875,-0.006702115700402077
2025-05-16,491.5721435546875,486.4018249511719,-0.010517924319567197
2025-05-19,486.4018249511719,492.54766845703125,0.012635321642710395
2025-05-20,492.54766845703125,481.5729064941406,-0.022281624024879612
2025-05-21,481.5729064941406,473.2320861816406,-0.017319953427657134
2025-05-22,473.2320861816406,467.2813415527344,-0.012574685450686402
2025-05-23,467.2813415527344,471.6224670410156,0.00929017510918813
2025-05-26,471.6224670410156,470.1103820800781,-0.003206134284535682
2025-05-27,470.1103820800781,471.81756591796875,0.003631453171352904
2025-05-28,471.81756591796875,469.4762878417969,-0.004962252881824529
2025-05-29,469.4762878417969,466.5496826171875,-0.0062337657947819005
2025-05-30,466.5496826171875,465.525390625,-0.0021954617704197437
2025-06-02,465.525390625,462.013427734375,-0.007544084514724207
2025-06-03,462.013427734375,464.98883056640625,0.00644007869343117
2025-06-04,464.98883056640625,458.5990905761719,-0.013741706402820443
2025-06-05,458.5990905761719,459.7209167480469,0.002446202347382693
2025-06-06,459.7209167480469,460.0135803222656,0.0006366113952112086
2025-06-09,460.0135803222656,463.2328796386719,0.006998270168787078
2025-06-10,463.2328796386719,459.0868225097656,-0.008950265214637253
2025-06-11,459.0868225097656,457.379638671875,-0.003718651362192628
2025-06-12,457.379638671875,450.1119079589844,-0.01588993059243835
2025-06-13,450.1119079589844,455.9163513183594,0.012895556097804725
2025-06-16,455.9163513183594,449.4290466308594,-0.014229155564920756
2025-06-17,449.4290466308594,452.6970520019531,0.007271460079388107
2025-06-18,452.6970520019531,441.4784240722656,-0.024781756099527458
2025-06-19,441.4784240722656,438.9420471191406,-0.005745188926174613
2025-06-20,438.9420471191406,438.7956848144531,-0.00033344334553525546
2025-06-23,438.7956848144531,442.45391845703125,0.008336986367869654
2025-06-24,442.45391845703125,433.9179992675781,-0.019292221931767314
2025-06-25,433.9179992675781,426.8453674316406,-0.01629946636893511
2025-06-26,426.8453674316406,438.30792236328125,0.02685411581391089
2025-06-27,438.30792236328125,433.7229309082031,-0.010460662974916438
2025-06-30,433.7229309082031,457.5747375488281,0.054993187910724516
2025-07-01,457.5747375488281,476.5489196777344,0.04146684808376577
2025-07-02,476.5489196777344,474.01251220703125,-0.005322449314161424
2025-07-03,474.01251220703125,465.67169189453125,-0.017596202837905334
2025-07-04,465.67169189453125,463.7206115722656,-0.00418981947201446
2025-07-07,463.7206115722656,470.8420104980469,0.015357089480314076
2025-07-08,470.8420104980469,475.9148254394531,0.010773921672877771
2025-07-09,475.9148254394531,492.6452331542969,0.03515420579595335
2025-07-10,492.6452331542969,475.76849365234375,-0.03425738922488938
2025-07-11,475.76849365234375,467.81787109375,-0.01671111615138491
2025-07-14,467.81787109375,465.67169189453125,-0.004587638334980706
2025-07-15,465.67169189453125,463.9645080566406,-0.0036660674625617583
2025-07-16,463.9645080566406,465.1839294433594,0.0026282643726918084
2025-07-17,465.1839294433594,461.1842346191406,-0.008598093293989752
2025-07-18,461.1842346191406,457.3308410644531,-0.008355432092924305
2025-07-21,457.3308410644531,454.1603698730469,-0.006932554961801549
2025-07-22,454.1603698730469,468.2080993652344,0.030931209379000447
2025-07-23,468.2080993652344,458.7453918457031,-0.020210473787959166
2025-07-24,458.7453918457031,476.7440490722656,0.03923452430584036
2025-07-25,476.7440490722656,477.2318115234375,0.0010231117768980042
2025-07-28,477.2318115234375,463.18408203125,-0.029435861468127628
2025-07-29,463.18408203125,468.988525390625,0.012531612342807988
2025-07-30,468.988525390625,460.7940368652344,-0.01747268447253663
2025-07-31,460.7940368652344,450.35577392578125,-0.022652773483060374
2025-08-01,450.35577392578125,450.9898986816406,0.0014080529052212815
2025-08-04,450.9898986816406,445.331787109375,-0.012545982933998608
2025-08-05,445.331787109375,446.50244140625,0.0026287238655781906
2025-08-06,446.50244140625,449.8192443847656,0.007428409502240176
2025-08-07,449.8192443847656,450.0631408691406,0.0005422099819419381
2025-08-08,450.0631408691406,446.79510498046875,-0.007261283122098821
2025-08-11,446.79510498046875,445.96588134765625,-0.0018559371478538216
2025-08-12,445.96588134765625,458.1112976074219,0.02723395839848468
2025-08-13,458.1112976074219,461.3305358886719,0.0070271968800226445
2025-08-14,461.3305358886719,464.4522705078125,0.006766806825668182
2025-08-15,464.4522705078125,464.2084045410156,-0.0005250614159561374
2025-08-18,464.2084045410156,477.9146423339844,0.029526044033004406
2025-08-19,477.9146423339844,481.4753723144531,0.007450556365210465
2025-08-20,481.4753723144531,473.134521484375,-0.017323525375729266
2025-08-21,473.134521484375,482.9874572753906,0.020824808471180248
2025-08-22,482.9874572753906,476.1098937988281,-0.014239631636316053
2025-08-25,476.1098937988281,474.3539733886719,-0.0036880569654748306
2025-08-26,474.3539733886719,489.7186279296875,0.032390694297876735
2025-08-27,489.7186279296875,500.54705810546875,0.022111534171283285
2025-08-28,500.54705810546875,491.7672424316406,-0.017540440067831058
2025-08-29,491.7672424316406,491.3770446777344,-0.0007934602393946369
2025-09-01,491.3770446777344,500.44952392578125,0.018463376232800997
2025-09-02,500.44952392578125,508.0586853027344,0.01520465304325396
2025-09-03,508.0586853027344,486.88958740234375,-0.04166663913594293
2025-09-04,486.88958740234375,484.10931396484375,-0.005710274997527328
2025-09-05,484.10931396484375,484.0117492675781,-0.00020153443540792978
2025-09-08,484.0117492675781,479.9632873535156,-0.008364387683127033
2025-09-09,479.9632873535156,477.768310546875,-0.0045732181282938855
2025-09-10,477.768310546875,475.4270324707031,-0.004900446564762621
2025-09-11,475.4270324707031,478.64630126953125,0.006771320473928886
2025-09-12,478.64630126953125,491.86480712890625,0.027616437908984295
2025-09-15,491.86480712890625,495.2792053222656,0.006941741193662065
2025-09-16,495.2792053222656,498.79107666015625,0.00709069005957062
2025-09-17,498.79107666015625,504.9369812011719,0.012321600823671197
2025-09-18,504.9369812011719,498.1082458496094,-0.013523935868824518
2025-09-19,498.1082458496094,494.5963134765625,-0.007050540524693924
2025-09-22,494.5963134765625,510.4000244140625,0.031952747133140315
2025-09-23,510.4000244140625,496.6449279785156,-0.026949639062689466
2025-09-24,496.6449279785156,494.40118408203125,-0.0045178029011935005
2025-09-25,494.40118408203125,503.0834655761719,0.017561206917943096
2025-09-26,503.0834655761719,510.30242919921875,0.01434943526672882
2025-09-29,510.30242919921875,507.7660217285156,-0.004970400542053716
2025-09-30,507.7660217285156,511.1803894042969,0.006724293335261394
2025-10-01,511.1803894042969,529.6181030273438,0.036068898583009476
2025-10-02,529.6181030273438,539.5684204101562,0.018787721427828107
2025-10-03,539.5684204101562,527.17919921875,-0.022961353412767387
2025-10-06,527.17919921875,546.2996826171875,0.03626941925397092
2025-10-07,546.2996826171875,561.4204711914062,0.027678560056595254
2025-10-08,561.4204711914062,545.5192260742188,-0.028323237097933066
2025-10-09,545.5192260742188,532.6422119140625,-0.023605060178766846
2025-10-10,532.6422119140625,527.17919921875,-0.010256439638309989
2025-10-13,527.17919921875,519.76513671875,-0.014063647638198215
2025-10-14,519.76513671875,583.2724609375,0.12218465559207838
2025-10-15,583.2724609375,587.46728515625,0.007191877723847299
2025-10-16,587.46728515625,590.881591796875,0.005811909406524466
2025-10-17,590.881591796875,597.125,0.010566259449949612
2025-10-20,597.125,601.7100219726562,0.007678496081484195
2025-10-21,601.7100219726562,607.9534912109375,0.01037620948677663
2025-10-22,607.9534912109375,605.6121826171875,-0.0038511310940685956
2025-10-23,605.6121826171875,597.5152587890625,-0.013369816626101679
2025-10-24,597.5152587890625,596.5397338867188,-0.0016326359670224492
2025-10-27,596.5397338867188,599.5639038085938,0.00506951968173386
2025-10-28,599.5639038085938,603.6611328125,0.0068336819109348175
2025-10-29,603.6611328125,595.1740112304688,-0.014059413668872716
2025-10-30,595.1740112304688,597.125,0.003278014047518231
2025-10-31,597.125,601.7100219726562,0.007678496081484195
2025-11-03,601.7100219726562,596.2470703125,-0.009079043826204551
2025-11-04,596.2470703125,597.8079223632812,0.002617794079832022
2025-11-05,597.8079223632812,585.3211059570312,-0.020887673011904147
2025-11-06,585.3211059570312,588.4428100585938,0.005333318873677632
2025-11-07,588.4428100585938,602.783203125,0.02437007100992247
2025-11-10,602.783203125,617.4161987304688,0.0242757189145403
2025-11-11,617.4161987304688,631.3663330078125,0.02259437686608809
2025-11-12,631.3663330078125,621.2207641601562,-0.01606922687708581
2025-11-13,621.2207641601562,621.4158935546875,0.0003141063624862093
2025-11-14,621.4158935546875,608.7339477539062,-0.020408145224990418
2025-11-17,608.7339477539062,596.3446044921875,-0.02035264060339117
2025-11-18,596.3446044921875,594.6862182617188,-0.002780919317415365
2025-11-19,594.6862182617188,604.4415893554688,0.016404232676293005
2025-11-20,604.4415893554688,607.7584228515625,0.005487434277364291
2025-11-21,607.7584228515625,606.4901733398438,-0.0020867658333194408
2025-11-24,606.4901733398438,604.14892578125,-0.0038603223292157838
2025-11-25,604.14892578125,610.0996704101562,0.009849797582957042
2025-11-26,610.0996704101562,612.05078125,0.0031980198227808615
2025-11-27,612.05078125,619.9525756835938,0.01291035756454032
2025-11-28,619.9525756835938,626.9764404296875,0.01132968072331799
2025-12-01,626.9764404296875,625.9924926757812,-0.0015693536319034865
2025-12-02,625.9924926757812,620.1871337890625,-0.009273847457665128
2025-12-03,620.1871337890625,622.9421997070312,0.0044423138886105955
2025-12-04,622.9421997070312,618.0223999023438,-0.007897682653384655
2025-12-05,618.0223999023438,615.1690063476562,-0.00461697432833887
2025-12-08,615.1690063476562,606.4117431640625,-0.014235540303935071
2025-12-09,606.4117431640625,608.8716430664062,0.00405648460814558
2025-12-10,608.8716430664062,615.1690063476562,0.010342677891082508
2025-12-11,615.1690063476562,614.480224609375,-0.001119662614946489
2025-12-12,614.480224609375,616.0545043945312,0.0025619698114077135
2025-12-15,616.0545043945312,626.2876586914062,0.01661079372665624
2025-12-16,626.2876586914062,621.564697265625,-0.007541201491419485
2025-12-17,621.564697265625,627.1732788085938,0.009023327044862603
2025-12-18,627.1732788085938,621.564697265625,-0.008942634727077436
2025-12-19,621.564697265625,617.62890625,-0.006332069747428149
2025-12-22,617.62890625,617.2352905273438,-0.0006373013287964937
2025-12-23,617.2352905273438,621.958251953125,0.007651800696207958
2025-12-24,621.958251953125,623.0406494140625,0.0017403056516067847
2025-12-29,623.0406494140625,629.042724609375,0.009633521024602715
2025-12-30,629.042724609375,634.6513061523438,0.008916058200103317
2025-12-31,634.6513061523438,631.5026245117188,-0.004961278122492637
2026-01-02,631.5026245117188,632.486572265625,0.0015581055655422553
2026-01-05,632.486572265625,634.0609741210938,0.0024892257393371972
2026-01-06,634.0609741210938,619.2031860351562,-0.023432743367517113
2026-01-07,619.2031860351562,624.3197631835938,0.008263163471750932
2026-01-08,624.3197631835938,641.6373291015625,0.02773829524418911
2026-01-09,641.6373291015625,637.8983154296875,-0.005827300723152229
2026-01-12,637.8983154296875,636.2255859375,-0.0026222509947541584
2026-01-13,636.2255859375,627.6652221679688,-0.013454919070752653
2026-01-14,627.6652221679688,615.6609497070312,-0.01912527894961982
2026-01-15,615.6609497070312,599.4257202148438,-0.02637040647114813
2026-01-16,599.4257202148438,573.4492797851562,-0.043335545262183826
2026-01-19,573.4492797851562,560.8546142578125,-0.021962998248183978
2026-01-20,560.8546142578125,575.810791015625,0.0266667624329065
2026-01-21,575.810791015625,586.142333984375,0.017942600468683553
2026-01-22,586.142333984375,581.9113159179688,-0.007218414062750564
2026-01-23,581.9113159179688,578.5658569335938,-0.005749087348640948
2026-01-26,578.5658569335938,579.844970703125,0.0022108352129705145
2026-01-27,579.844970703125,534.091064453125,-0.07890713649636112
2026-01-28,534.091064453125,533.697509765625,-0.000736868136715552
2026-01-29,533.697509765625,538.1253051757812,0.008296451321462471
2026-01-30,538.1253051757812,529.6632080078125,-0.01572514261377202
2026-02-02,529.6632080078125,520.512451171875,-0.017276557437990912
2026-02-03,520.512451171875,527.49853515625,0.01342155018318317
2026-02-04,527.49853515625,529.5648803710938,0.003917252991483056
2026-02-05,529.5648803710938,527.596923828125,-0.0037161764609271297
2026-02-06,527.596923828125,526.809814453125,-0.0014918763538060663
2026-02-09,526.809814453125,529.0728759765625,0.004295784667160686
2026-02-10,529.0728759765625,516.6749877929688,-0.023433233390976117
2026-02-11,516.6749877929688,516.0846557617188,-0.0011425597236120622
2026-02-12,516.0846557617188,505.9499206542969,-0.01963773771274684
2026-02-13,505.9499206542969,509.984130859375,0.007973536590066197
2026-02-16,509.984130859375,519.2333374023438,0.018136263431144217
2026-02-17,519.2333374023438,525.3338623046875,0.011749100958855754
2026-02-18,525.3338623046875,522.9723510742188,-0.0044952579681587345
2026-02-19,522.9723510742188,545.8001098632812,0.04365002995315683
2026-02-20,545.8001098632812,549.0471801757812,0.005949193218948538
2026-02-23,549.0471801757812,552.7861938476562,0.006810004325453286
2026-02-24,552.7861938476562,544.1273803710938,-0.015663946699343227
2026-02-25,544.1273803710938,542.7498168945312,-0.002531692993693875
2026-02-26,542.7498168945312,535.3701782226562,-0.013596759394778448
2026-02-27,535.3701782226562,512.1488647460938,-0.04337431261796009
2026-03-02,512.1488647460938,494.1424560546875,-0.03515854457733344
2026-03-03,494.1424560546875,499.2590026855469,0.010354395919975593
2026-03-04,499.2590026855469,497.6846923828125,-0.003153293769899104
2026-03-05,497.6846923828125,494.1424560546875,-0.00711743073946176
2026-03-06,494.1424560546875,489.71466064453125,-0.008960564622413701
2026-03-09,489.71466064453125,496.4055480957031,0.013662828558911745
2026-03-10,496.4055480957031,492.2729187011719,-0.008325107183803093
2026-03-11,492.2729187011719,487.0579833984375,-0.010593585599820567
2026-03-12,487.0579833984375,466.0997314453125,-0.043030301663241836
2026-03-13,466.0997314453125,471.314697265625,0.011188519255614229
2026-03-16,471.314697265625,464.6729736328125,-0.014091908593865336
2026-03-17,464.6729736328125,461.0323486328125,-0.007834811160928082
2026-03-18,461.0323486328125,452.8655090332031,-0.017714244182274994
2026-03-19,452.8655090332031,450.6024475097656,-0.004997204420068955
2026-03-20,450.6024475097656,459.1136474609375,0.018888490282750667
2026-03-23,459.1136474609375,453.35748291015625,-0.012537559235311118
2026-03-24,453.35748291015625,454.93182373046875,0.0034726256423664096
2026-03-25,454.93182373046875,450.9468078613281,-0.008759589154399557
2026-03-26,450.9468078613281,448.4377136230469,-0.005564058098517084
2026-03-27,448.4377136230469,456.2109680175781,0.01733407819723518
2026-03-30,456.2109680175781,455.6697998046875,-0.0011862235913402534
2026-03-31,455.6697998046875,463.54144287109375,0.01727488429073037
2026-04-01,463.54144287109375,463.4922180175781,-0.00010619299368517076
2026-04-02,463.4922180175781,459.359619140625,-0.008916220631769904
2026-04-07,459.359619140625,490.8462219238281,0.0685445595808108
2026-04-08,490.8462219238281,476.1852722167969,-0.02986872273269001
2026-04-09,476.1852722167969,475.5456848144531,-0.0013431482233086781
2026-04-10,475.5456848144531,474.02056884765625,-0.003207086123369913
2026-04-13,474.02056884765625,473.72540283203125,-0.0006226860921722204
2026-04-14,473.72540283203125,474.16815185546875,0.0009346111075966206
2026-04-15,474.16815185546875,476.2836608886719,0.004461516499842768
2026-04-16,476.2836608886719,491.3873596191406,0.031711561766128146
2026-04-17,491.3873596191406,482.6793518066406,-0.017721269467023553
2026-04-20,482.6793518066406,478.2023620605469,-0.009275287474669549
2026-04-21,478.2023620605469,466.6900939941406,-0.024074051028942098
2026-04-22,466.6900939941406,467.5756530761719,0.0018975313455921957
2026-04-23,467.5756530761719,464.0826110839844,-0.007470538658732206
2026-04-24,464.0826110839844,459.95001220703125,-0.008904877662406649
2026-04-27,459.95001220703125,454.75,-0.011305602932978371
2026-04-28,454.75,448.45001220703125,-0.01385373896199835
2026-04-29,448.45001220703125,451.3999938964844,0.006578172837893107
2026-04-30,451.3999938964844,444.95001220703125,-0.014288838672275754
2026-05-04,444.95001220703125,450.95001220703125,0.013484660827940946
2026-05-05,450.95001220703125,474.0,0.051114285772291976
2026-05-06,474.0,478.29998779296875,0.009071704204575422
2026-05-07,478.29998779296875,472.70001220703125,-0.011708082226340007
